date,mosquito_Indicator,rain(mm),mean_T(℃),min_T(℃),max_T(℃)
01/05/2016,254.4,0,18.8,12.2,26
02/05/2016,273.5,16.5,21.1,16.5,28.4
03/05/2016,304,27,12.9,8.9,17.6
04/05/2016,256.2,0,15.7,10.2,20.6
05/05/2016,243.8,7.5,18.9,10.2,26.9
06/05/2016,248.5,9.5,16.3,13,18.6
07/05/2016,243.2,0,16.5,10.7,22.6
08/05/2016,249,0,19.4,11.6,26.8
09/05/2016,249.6,0,20.2,16.3,25.4
10/05/2016,240.8,13.5,14.5,12.5,18.1
11/05/2016,252.1,0,16.4,10.4,23.5
12/05/2016,261.1,0,17.8,12.1,24
13/05/2016,258.2,0.5,18.6,12.7,25.4
14/05/2016,277.8,0,20.2,15.1,26.9
15/05/2016,306.4,45,17.4,12.3,24.2
16/05/2016,299.9,2.5,15.9,10.8,21.9
17/05/2016,256.9,0,19.3,10.9,26.6
18/05/2016,275.2,0,,13.5,29.5
19/05/2016,309.7,0,,16.3,31.9
20/05/2016,353.6,0,24,16.8,31.6
21/05/2016,407,0,24.1,,30.4
22/05/2016,438.4,0,24.7,17.6,31.7
23/05/2016,522.5,0,,18.3,29.4
24/05/2016,614.4,38.5,16.8,15.4,21.8
25/05/2016,609.6,0,19.7,15.3,24.4
26/05/2016,582.1,0,19.4,17.5,22.9
27/05/2016,527.9,0,20.9,14.8,27.1
28/05/2016,487.3,0,21.7,17.2,28
29/05/2016,465.9,0,21.5,17.2,27.6
30/05/2016,434.5,0,22.1,,28.9
31/05/2016,427.2,0,21.6,17.4,27.6
01/06/2016,460.2,0,23.3,17.1,29.9
02/06/2016,496.2,0,23.2,17.2,29.1
03/06/2016,539.9,0,,17.6,27.7
04/06/2016,558.4,0,21.2,18.2,26.3
05/06/2016,554.7,0,24.7,17.3,32.2
06/06/2016,581.5,0,23.3,20.8,28.4
07/06/2016,606.2,0.1,21.7,19.6,25.9
08/06/2016,616.5,0,22.1,18.2,27.7
09/06/2016,604.9,0,24.1,17.8,31.3
10/06/2016,604.9,0,24.6,20.2,31.3
11/06/2016,644.2,3,23.5,20.9,26.5
12/06/2016,658.9,1.5,23.5,19.9,26.7
13/06/2016,645.7,0,23.5,19.4,29.6
14/06/2016,639.9,0,23.8,19.7,29.5
15/06/2016,666.3,15.5,20.9,17.4,24.5
16/06/2016,643.5,0,20.9,18.6,24.9
17/06/2016,606.2,0,23.8,18.6,29.1
18/06/2016,575.6,0,24.5,20.1,29.9
19/06/2016,601.5,0,24.1,20.3,29.3
20/06/2016,615.2,0,24.7,19.6,30.7
21/06/2016,624.2,0,26,21,31.3
22/06/2016,648.6,30.5,,20.9,30.2
23/06/2016,728.3,0.1,24.7,19.6,29.4
24/06/2016,789.7,3.5,23.1,21.1,25.7
25/06/2016,795.1,0,22.8,19.2,26.7
26/06/2016,755,0,24.4,19.4,30.3
27/06/2016,755,0,24.4,19.9,29.5
28/06/2016,754.9,0,24.7,20.4,29.7
29/06/2016,729.1,0,25.3,20.9,30.2
30/06/2016,720.9,0.2,24.6,23,26.9
01/07/2016,518.3,108.5,24,22,26.6
02/07/2016,509.8,4,23.5,20.6,27.7
03/07/2016,505.3,0,23.5,21.1,26.8
04/07/2016,511.1,29.5,21.8,20.2,24.1
05/07/2016,525.7,100.5,23.1,20.2,24.8
06/07/2016,535.2,0,22.9,20.3,26.9
07/07/2016,546.5,0,24,20.1,28.5
08/07/2016,550.2,0,27.3,21.2,32.4
09/07/2016,538.1,0,27.7,23.2,32.7
10/07/2016,510.9,0,27.9,23.2,33.1
11/07/2016,489.1,0,28.4,24.8,33.4
12/07/2016,454.5,3,26.3,22.1,30.9
13/07/2016,438.2,0,26.3,23.2,29.5
14/07/2016,426.3,0.1,27.5,24,32.4
15/07/2016,409.5,1.5,26.2,23.7,29.2
16/07/2016,410.2,46.5,20.8,19.8,23.8
17/07/2016,443.1,2.5,21.7,20.4,23.1
18/07/2016,471.1,0.2,24.4,20.7,28.4
19/07/2016,497.8,0,27.1,20.9,32.4
20/07/2016,496.6,0,28.6,24,32.9
21/07/2016,482.4,0,28.3,24.9,32.2
22/07/2016,478.9,0,29.1,25.3,34.1
23/07/2016,464.1,0.5,28.7,27.2,31.6
24/07/2016,425.7,0.5,28,27,30.1
25/07/2016,397.9,0,28.4,26.4,31.4
26/07/2016,376.1,0,28.4,25.6,31.9
27/07/2016,369.9,0.5,27.6,26.7,28.9
28/07/2016,373,0.2,28,26.7,30.5
29/07/2016,372.9,59.5,26.3,23.4,28.4
30/07/2016,388.8,0.5,28.6,26.4,33
31/07/2016,387.5,0.2,28.9,26.6,32.8
01/08/2016,380.7,0,28.4,25.8,32.4
02/08/2016,381.3,2,27.2,25,31.1
03/08/2016,379.6,0,29.1,24,34.2
04/08/2016,378.3,0,30.7,26,35.7
05/08/2016,368.9,0,31.2,26.5,36
06/08/2016,346.8,0,30.5,26.6,34
07/08/2016,343.5,0,30.6,27,35
08/08/2016,338.5,0,30.5,26.4,35.5
09/08/2016,332.1,1,29.3,26.4,33.6
10/08/2016,325.7,0,29.4,26.1,34.8
11/08/2016,320,0,30.5,26.1,36.4
12/08/2016,319.6,0,30.4,26.4,35.9
13/08/2016,323.8,0,30.2,26.8,35.1
14/08/2016,324.1,0.2,28.9,27.3,31.8
15/08/2016,332,0,29.1,25.8,34
16/08/2016,336.2,0.5,29.3,26.2,34.9
17/08/2016,335.9,0,29.9,25.1,34.7
18/08/2016,335.6,0,29.9,26.2,34.3
19/08/2016,336.5,11.5,28.9,26.6,33.2
20/08/2016,337.5,0,30.1,26.5,34.9
21/08/2016,338.9,0,30.7,26.9,36.6
22/08/2016,328.9,0.4,30.7,25.8,36.3
23/08/2016,327.6,8,28.3,26,33
24/08/2016,330.5,0,29.1,26.4,32.9
25/08/2016,331.2,4.5,27.1,24,32.2
26/08/2016,339.2,20,23,19.5,28.2
27/08/2016,363.6,0,23.4,16.9,29.7
28/08/2016,394.8,1.5,21,18.3,24.5
29/08/2016,443,0,22.2,17.4,27.1
30/08/2016,480.8,0,20.6,17.9,24.5
31/08/2016,524.2,17.5,17.7,16.1,19.2
01/09/2016,545.4,0,23.2,15.8,28.6
02/09/2016,491.2,4.5,24.2,20.6,29
03/09/2016,499,0.5,23.9,20.4,28.6
04/09/2016,517.9,0,25.6,22.1,29.6
05/09/2016,576.3,0,26.4,23,31.1
06/09/2016,640.6,0,24.7,21,29
07/09/2016,697.8,0,24.3,20.9,28.6
08/09/2016,806.8,4.5,23,21.5,26.5
10/09/2016,815.9,0,24.4,20,29.1
11/09/2016,821.4,0,24.5,22.1,28.2
12/09/2016,805.9,2.5,23.4,21.4,27.5
13/09/2016,756.7,0,24.6,19.6,30.8
14/09/2016,743.2,0,24.6,21.4,28.9
15/09/2016,743.2,0,23.9,18.8,29.5
16/09/2016,753.3,0,24.6,20.4,29.5
17/09/2016,759.2,7,23.1,18.5,28.2
18/09/2016,729.9,0,23.5,20.2,28.3
19/09/2016,708.9,0,21.9,18.2,27.8
20/09/2016,682.2,0,20.6,15.4,26.8
21/09/2016,623.5,0,20.2,,25.3
22/09/2016,551.5,0,21.9,17.5,27.2
23/09/2016,523.7,0,21.4,16.4,27.9
24/09/2016,481.3,0,22.3,16.5,28.9
25/09/2016,478.6,0,23,18.6,29.7
26/09/2016,480.8,0,23.6,19.7,28.9
27/09/2016,496.8,13.5,21,19.1,23.8
28/09/2016,503.5,0.5,19.9,18.7,21.8
29/09/2016,513.2,0,20.4,18.2,24.8
30/09/2016,509.8,0,20.5,17.7,23.5
01/10/2016,513.2,0,21.1,17.5,25.6
02/10/2016,501.2,18.5,19,16.7,22.4
03/10/2016,452.5,6.5,22.7,19.6,27.9
04/10/2016,447.4,0,22,15.6,29
05/10/2016,461.7,0,21.1,17.5,27.2
06/10/2016,487.9,0,18,13.6,23.5
07/10/2016,453,2,19.7,16.5,24.8
08/10/2016,439.9,6,16.8,10.3,21.8
09/10/2016,392.2,0,11.3,6.5,16.6
10/10/2016,328.3,0,14,7.4,21.4
11/10/2016,265.4,0,15.4,10,21.1
12/10/2016,229.6,0,15.5,11.4,20.7
13/10/2016,197.9,0,15.2,9.3,21.9
14/10/2016,186,0,16.7,10.5,23.5
15/10/2016,173.1,0,19.1,12.4,27.1
16/10/2016,184.7,1.5,17.2,15.4,19.5
17/10/2016,212.9,0,17.5,14.5,21.7
18/10/2016,232.7,0,17,11.2,24
19/10/2016,241.2,0,18,14,24.3
20/10/2016,260.4,0,18.6,12.9,25.8
21/10/2016,283.3,0,17.9,15.7,22
22/10/2016,294.4,0,18.3,14.5,22.8
23/10/2016,288.5,2.5,13.3,10.6,17.8
24/10/2016,269,0,15.1,9,20.6
25/10/2016,248.1,37,14.1,12.5,17.5
26/10/2016,234,,13.3,10.5,16.3
27/10/2016,207.2,0,14.6,8.6,20.9
28/10/2016,184.7,0.3,14.6,10.2,18.4
29/10/2016,172.3,0,7.8,3.5,11.2
30/10/2016,137,0,7.9,1.6,15.1
31/10/2016,118,0.5,5.7,0.7,8.2
01/11/2016,25,0,1.5,-2.4,6.6
02/11/2016,15.8,0.1,4.1,-2.7,10.5
03/11/2016,11.2,0.2,9.1,4.2,14.1
04/11/2016,9.4,0,12.3,8.2,15.7
05/11/2016,8.6,0,15,12.2,18.1
06/11/2016,11.1,0,14,11.9,18.3
07/11/2016,14.6,5.5,12.8,8.5,17.8
08/11/2016,19.9,0.5,4.1,0.4,8.4
09/11/2016,21.9,0,2.1,-3.2,8.6
10/11/2016,20.7,0.4,6,1.5,9.8
11/11/2016,18.5,,9.1,6.2,14.2
12/11/2016,16.9,0,11.4,5.1,16.7
13/11/2016,14.9,0.5,14.4,12.1,18.1
14/11/2016,14.8,1.5,13.2,10.2,15.8
15/11/2016,15.5,0,5.2,2.5,10.2
16/11/2016,25.1,0,5.2,0,12
17/11/2016,29.7,0,9.1,4,16.5
19/11/2016,20.5,0,13,9.9,18.6
20/11/2016,22.3,0,9.8,6.4,15.3
21/11/2016,18.9,0,9.5,5.1,14.6
22/11/2016,16,0.2,2,-2.1,8.4
23/11/2016,15.6,0,-1.8,-4.8,3.6
24/11/2016,11.7,0,-2.5,-6.2,2.4
25/11/2016,7.7,0,1,-3.5,6
26/11/2016,5.7,2.8,0.9,-0.7,2.7
27/11/2016,3.6,0,3.3,0.5,6.6
28/11/2016,2.9,0,1.4,-1.4,5.6
29/11/2016,2.1,0,1.7,-2.8,8.6
30/11/2016,2,1,6,0.7,9.8
01/12/2016,2.5,0,4.1,-1,7
02/12/2016,3,0,1.6,-3.5,7.9
03/12/2016,3.1,0,4.5,-0.7,11.3
04/12/2016,3.5,0,5.5,2,9.5
05/12/2016,3.7,1.5,5.9,0.5,10.3
06/12/2016,4.2,0,-1.1,-4.2,4.3
07/12/2016,3.8,0,1.7,-2.7,7.5
08/12/2016,3.4,3,2.1,-3,6.1
09/12/2016,3.2,3,1.4,-2.9,4.2
10/12/2016,3,0,-1.6,-5.9,3.6
11/12/2016,2.5,0,-1.1,-6.1,6.4
12/12/2016,2,0,2.3,-3,6.3
13/12/2016,1.7,0,3.4,-0.4,8.8
14/12/2016,2.1,0.1,-1.4,-2.3,-0.1
15/12/2016,1.9,0,-5,-7.6,-1.5
16/12/2016,1.5,0,-4.7,-9.8,0
17/12/2016,1.2,0,2.7,-2.7,8
19/12/2016,1.7,0.1,7.2,4.3,12
20/12/2016,2.1,0,7.6,4.4,13.6
21/12/2016,2.5,29,7.9,4.1,12.6
22/12/2016,3.5,23.5,5.5,1.5,11
23/12/2016,5.2,0.1,-2.5,-4.4,1.5
24/12/2016,6,0,-2.4,-4.3,1.1
25/12/2016,5,0,1,-4.5,6.4
26/12/2016,4,,2.5,1.3,4.4
27/12/2016,3.3,0.5,-2.3,-6.3,1.3
28/12/2016,2.2,0,-3.7,-8.4,2.6
29/12/2016,1.4,0.3,-4.2,,-1.1
30/12/2016,1,0,-3.9,-9.1,1
31/12/2016,0.9,0,0.7,-3.6,5.7
01/01/2017,1,0,2.7,-1.6,6.9
02/01/2017,1.1,0.3,5,1.8,9.2
03/01/2017,1.2,0,2,-2.3,7.7
04/01/2017,1.5,0,3.9,1,8.9
05/01/2017,2.1,0,3.8,-0.1,7.3
06/01/2017,2.8,0,5.4,2.5,11.4
07/01/2017,4.1,0,4.6,0,10.5
08/01/2017,4.7,0,6.5,4,10.9
09/01/2017,5.5,0,1.5,-3.1,4.3
10/01/2017,4.7,0,-3.7,-7.4,1.1
11/01/2017,3.8,0,-3.8,-9.4,1.5
12/01/2017,2.6,0,-2.2,-6.1,1
13/01/2017,2,0.6,-6,-8.6,-1.4
14/01/2017,1.3,0,-8.4,-10.5,-5.4
15/01/2017,0.8,0,-6.6,-11.5,-0.9
16/01/2017,0.4,0,-3.8,-8.9,4
17/01/2017,0.3,0,-2,-7.1,3.4
18/01/2017,0.3,0,-0.5,-3,2.8
19/01/2017,0.4,0,-1.2,-4.9,4.7
20/01/2017,0.4,4,-4.4,-7.8,-1.4
21/01/2017,0.5,2.1,-5.2,-10,-0.9
22/01/2017,0.5,0,-8.3,-10.9,-3.3
23/01/2017,0.5,0,-8.9,-12.6,-4.1
24/01/2017,0.4,0,-7,-11.6,-1.3
25/01/2017,0.3,0,-5.2,-10.2,0.9
26/01/2017,0.3,0.3,-1.3,-7.9,3.4
27/01/2017,0.2,3,-2.6,-5.7,3.1
28/01/2017,0.3,0,-1.6,-8.2,4.3
29/01/2017,0.3,4.5,0.8,-0.9,
30/01/2017,0.4,0.1,-4.8,-7.9,-0.9
31/01/2017,0.5,0,-5.4,-9.9,0.2
01/02/2017,0.6,0,-4,-7.5,0.7
02/02/2017,0.6,0,-2.7,-9.2,3.3
03/02/2017,0.6,0,1.5,-2.3,6.7
04/02/2017,0.7,0,0.9,-2.9,3.2
05/02/2017,0.9,0.5,1.2,-1.5,2.3
06/02/2017,0.8,0,-1.7,-4.4,2.6
07/02/2017,1,0,-2,-5.6,3
08/02/2017,1.2,0,-2.2,-4.9,0.6
09/02/2017,1.2,0,-5.3,-7.1,-2.1
10/02/2017,1.2,0,-6.6,-9.3,-2.5
11/02/2017,0.8,0,-4.8,-9.2,0.8
12/02/2017,0.6,0,-2.2,-7.4,4.2
13/02/2017,0.6,0,0.1,-5.4,6.1
14/02/2017,0.6,0,0.3,-4,6.5
15/02/2017,0.7,0,1.8,-3.9,8
16/02/2017,0.8,0,5.5,-1.9,10.3
17/02/2017,1.1,4,0.8,-5.2,9
18/02/2017,1.6,0,-2.6,-7,2.9
19/02/2017,1.7,1,2.3,-3.4,5.7
20/02/2017,2,0.5,-1.5,-5.2,5.4
21/02/2017,1.9,0,-0.6,-7.6,6.9
22/02/2017,1.8,5.1,1.7,-0.9,2.9
23/02/2017,1.7,0,-1.5,-4.2,2.1
24/02/2017,1.4,0,-0.8,-5.8,4.4
25/02/2017,1.2,0,2.6,-2.8,8.4
26/02/2017,1.4,0,3.6,-1.5,10.1
27/02/2017,1.6,0,3.7,-1.8,10.7
28/02/2017,1.8,0,5.6,-1.3,12.3
01/03/2017,2.3,5,5,2,11.4
03/03/2017,3.3,0,3.3,-3.1,10.4
04/03/2017,4,0,5.7,0.1,12.7
05/03/2017,4.6,0.5,5.2,1.2,10.4
06/03/2017,5,0,0.1,-2.8,4
07/03/2017,4.5,0,-1.3,-4,2.9
08/03/2017,3.6,0,-0.1,-5.3,5
09/03/2017,2.7,0,3.2,-2.7,10.7
10/03/2017,2.7,0,4.8,-1.2,12.2
11/03/2017,2.9,0,,-0.2,16.7
12/03/2017,3.2,0,8.2,4.4,14
13/03/2017,3.7,0,6.9,1.5,12.2
14/03/2017,4.6,0,5.8,1,10.9
15/03/2017,5.9,0,6.3,0.4,13.3
16/03/2017,7.8,0,6.2,1,13.4
17/03/2017,8.8,0,7.7,1.2,15.7
18/03/2017,9.6,0,9.5,5.9,16.1
19/03/2017,10.4,0,10.9,3.2,18.9
20/03/2017,10.5,0,10.2,6,15.5
21/03/2017,11.8,0,7.4,4.3,12.6
22/03/2017,12.8,0,7.6,1.9,14.1
23/03/2017,13.3,0,9.1,5.1,15
24/03/2017,14.7,0,8.7,3.9,15.2
25/03/2017,15.1,0,8.1,5,12.6
26/03/2017,14.2,0,7.3,4.8,11.6
27/03/2017,13.3,0.4,6.1,4.4,10.9
28/03/2017,11.4,0,7.1,2.5,12.7
29/03/2017,10.9,0,8.8,4.7,14.4
30/03/2017,11.3,0,10.6,4.1,17.1
31/03/2017,11.6,1.5,8.6,4.9,12.4
01/04/2017,11.8,1,9,4.8,15.1
02/04/2017,11.9,0,9,3.1,15.8
03/04/2017,12.1,0,11.4,4.3,19.2
04/04/2017,14.4,0,14.1,6.7,21.8
05/04/2017,18.4,37.5,12,10.8,14.2
06/04/2017,20.8,3,10.4,9.4,12.4
07/04/2017,21.5,0,14.5,9,23.5
08/04/2017,26.4,0.5,13,8.6,19.9
09/04/2017,31.8,0.5,14.8,10.6,20.5
10/04/2017,39.7,0,16.5,10.1,23.3
11/04/2017,48.9,0,15.3,11.5,20.2
12/04/2017,53.7,0,11.5,8.8,16.4
13/04/2017,54.1,0,12.7,6.3,19.6
14/04/2017,57.4,6,13,10.1,17.7
15/04/2017,56,0,16.8,10.9,24.3
16/04/2017,62.1,0,18.7,12.9,24.4
17/04/2017,67.3,5.5,14.7,11.2,18
18/04/2017,64.7,7.5,11.7,9.4,17.4
19/04/2017,56,0,12.6,7,18.4
20/04/2017,55.4,0.1,12.9,9.9,18.2
21/04/2017,59.2,0,13.1,7.6,19.3
22/04/2017,55.4,0,14.8,8.5,22.5
23/04/2017,51.4,0,14.9,8.9,21.7
24/04/2017,47.2,0,15.1,8.3,21.3
25/04/2017,45.5,0,16,12.9,20.4
26/04/2017,52.2,0,15.1,10.5,20.2
27/04/2017,58.6,0,13.6,7.9,19.8
28/04/2017,59.2,0,14.4,,21.5
29/04/2017,65.4,0,17.1,9.6,23.7
30/04/2017,68.6,0,,13.7,27.8
01/05/2017,65.3,0,20.1,12.8,28.3
02/05/2017,116.8,0,20.7,15.2,28
03/05/2017,106.7,0,21.5,14.5,30.2
04/05/2017,148.2,0,21,14.8,27.5
05/05/2017,204.7,0,20.9,15.5,27
06/05/2017,448.8,0,14.9,10,19.3
07/05/2017,517.2,0,16.6,10.9,22.8
08/05/2017,208.4,0,17.9,11.1,23.5
09/05/2017,701.8,2.5,17.1,15.3,22.6
10/05/2017,559.8,2.5,16.4,14.2,20.8
11/05/2017,217.2,0,19.3,13.1,24.8
12/05/2017,173.8,0,19.1,16.8,21.1
13/05/2017,125.2,6,16.4,12.4,22.6
14/05/2017,129.1,0,15.7,11,20.7
15/05/2017,110.1,0,16,12.3,20.1
16/05/2017,127.4,0,17.1,13.3,22.3
17/05/2017,158.1,0,18.6,12.3,25.9
18/05/2017,178.8,0,20.4,13.9,26.9
19/05/2017,169.9,0,21.1,15.1,27.9
20/05/2017,188.3,0,20.9,15.4,27.3
21/05/2017,205.7,0,21.5,16,27.6
22/05/2017,245.9,0,21.8,15.9,28
23/05/2017,406.9,5,20,17.2,24.4
24/05/2017,455.7,0.1,21.8,16.9,27.8
25/05/2017,467.4,0,19.2,14.4,24.4
26/05/2017,560.8,0,17.7,12.4,23.2
27/05/2017,248.1,0,19.5,13.7,26.4
28/05/2017,563.8,0,21.2,14.4,27.9
29/05/2017,829.1,0,22.9,18.1,29.3
30/05/2017,578.5,0,23.6,18.6,30.3
31/05/2017,450.6,0,23.3,17.7,29.6
01/06/2017,406.9,0,23.3,20,27
01/06/2017,406.9,0,23.3,20,27
01/06/2017,406.9,0,23.3,20,27
01/06/2017,406.9,0,23.3,20,27
02/06/2017,464.1,0,20.5,15.5,25.6
03/06/2017,516.5,0,20.5,16.1,26.5
04/06/2017,475.8,0,21.7,15.1,28.1
05/06/2017,627.8,0,24.2,16.4,30.3
06/06/2017,613,15.5,19.4,14.5,23.9
07/06/2017,531.3,12.5,17.6,15.1,19.2
08/06/2017,455.7,0,20.1,15.1,25.9
09/06/2017,487.6,0.1,21.2,17.9,25.7
10/06/2017,501.7,4.5,21.5,16.7,27.5
11/06/2017,422,0,22.8,14.8,29.6
11/06/2017,422,0,22.8,14.8,29.6
12/06/2017,381.7,0,22.1,17,28
13/06/2017,440.5,0,21.5,18.3,25.9
14/06/2017,464.1,0,21.8,17.8,26.8
15/06/2017,500.7,0,23.1,18,29.6
16/06/2017,489.3,0,25.5,20,32.7
17/06/2017,551,0,24.2,20.6,29.9
18/06/2017,566.7,0,24.3,18.6,31.8
19/06/2017,555.9,0,24.8,19.5,30.2
20/06/2017,679,0,26,20,32.7
21/06/2017,797.1,0,25.4,21.7,31.6
22/06/2017,961.5,0,25.3,21.2,30.4
23/06/2017,1000,0,26.7,21.3,34.1
24/06/2017,1000,3.5,24.5,21.5,27.8
24/06/2017,1000,3.5,24.5,21.5,27.8
25/06/2017,1000,1.5,23.8,21,28.4
26/06/2017,1000,29,23.1,20.1,29.9
26/06/2017,1000,29,23.1,20.1,29.9
27/06/2017,1000,0,25.2,20.8,30.5
28/06/2017,1000,0,26,22.5,30.5
29/06/2017,1000,0,26.2,21.9,31.5
30/06/2017,1000,0,25.9,22.2,30.9
01/07/2017,754.1,0.5,25.3,22.4,30.7
02/07/2017,756.3,92,24.3,21.9,26.8
03/07/2017,755.2,67.5,24.7,21.9,27.4
04/07/2017,794.9,0.5,26.7,23.8,31.6
05/07/2017,847.9,0,27.4,23.3,32.6
06/07/2017,855.6,34,27.6,23.9,34.6
07/07/2017,877.7,16.5,26.4,24.4,28.4
08/07/2017,882.1,4.5,26,24.6,27.6
09/07/2017,884.3,32.5,26.3,23.8,30.3
10/07/2017,928.4,144.5,24,22.6,25.4
10/07/2017,928.4,144.5,24,22.6,25.4
10/07/2017,928.4,144.5,24,22.6,25.4
10/07/2017,928.4,144.5,24,22.6,25.4
11/07/2017,921.8,1,26,22.2,30.9
12/07/2017,911.9,0,27.1,24.9,31.1
13/07/2017,909.7,0,27.6,23.1,32.1
14/07/2017,900.8,0,28.7,26.1,33
15/07/2017,935,42.5,25,23.4,27.3
16/07/2017,921.8,22.5,26.2,23.4,28.8
17/07/2017,919.6,7.5,26.8,24,29
18/07/2017,952.7,2.5,26.5,23.9,30.7
19/07/2017,976.9,0,28.3,24.5,34.1
20/07/2017,1000,0,29.9,26,34.9
21/07/2017,1000,0,29.8,27.3,32.4
22/07/2017,1000,0.5,29.3,27.5,32.5
23/07/2017,1000,133.5,27,26.1,28.1
24/07/2017,1000,3,26.2,25.6,27.3
25/07/2017,1000,0,29.4,24.6,35.4
26/07/2017,1000,0,,24.2,32.8
27/07/2017,1000,3.5,27.1,24.9,29.7
28/07/2017,1000,8.5,25.5,24.8,26.9
29/07/2017,1000,0,27.2,25,30.1
30/07/2017,969.2,0,27.9,24.7,32.6
31/07/2017,994.6,3.5,25.7,24.8,27.1
01/08/2017,529.3,2,28.6,24.1,33
02/08/2017,518.5,0,30,26.6,33
03/08/2017,428.7,0,30.2,27.2,33.9
04/08/2017,423.7,0,30.3,25.9,35.3
05/08/2017,380,0,31.4,27.6,34.8
05/08/2017,380,0,31.4,27.6,34.8
05/08/2017,380,0,31.4,27.6,34.8
05/08/2017,380,0,31.4,27.6,34.8
06/08/2017,228,5,29.8,28.2,34
07/08/2017,210.1,0,29.2,26.4,34.4
08/08/2017,181.6,0,28.2,25.5,31
09/08/2017,209,2.5,27.6,24.6,32
10/08/2017,211.8,5.5,24.8,23.9,26.3
11/08/2017,231.4,0.5,27,23.9,32.4
12/08/2017,252.1,0,27.8,23.2,32.6
13/08/2017,317.7,0,26.3,24.2,28.4
14/08/2017,448.9,1.5,24.6,23.1,27.1
15/08/2017,554.9,93.5,21.9,20.8,24
16/08/2017,433.8,2,23.3,20.5,26.8
17/08/2017,472.5,0.5,24.8,21.2,27.7
18/08/2017,454,0,26.3,23.9,30.6
19/08/2017,455.7,0,26.1,23.1,28.7
20/08/2017,482.6,124.5,23.2,22,25.8
21/08/2017,513.5,5,25.8,23.7,29.2
22/08/2017,505.7,0,27.3,23.4,31.5
23/08/2017,443.9,31.5,27.2,24.6,30.2
24/08/2017,423.7,14,26.5,23.9,28.1
27/08/2017,541.1,0,22.7,19,26.7
28/08/2017,285.8,9,21.5,18.3,26.5
29/08/2017,227.5,0,19.5,17,24
30/08/2017,253.8,0,19.8,16.1,23.9
31/08/2017,204,0,22.2,16.6,27.6
01/09/2017,460.7,0,23.3,17.1,29.7
01/09/2017,460.7,0,23.3,17.1,29.7
01/09/2017,460.7,0,23.3,17.1,29.7
01/09/2017,460.7,0,23.3,17.1,29.7
02/09/2017,381.7,0,23.8,18.6,29.6
03/09/2017,455.7,0,23.7,19,29.2
04/09/2017,460.7,0,24.6,19.7,30.1
05/09/2017,497.7,0,21.9,20.4,23.7
06/09/2017,506.6,2,20.6,18.5,24
07/09/2017,509.6,0,22.4,17.8,27.5
08/09/2017,499.4,0,24.3,20.4,29.9
09/09/2017,507.6,0,23.8,19.2,28.2
10/09/2017,515.5,0.5,23,19.9,26.1
11/09/2017,489.3,24,21.2,18.6,24.6
11/09/2017,489.3,24,21.2,18.6,24.6
11/09/2017,489.3,24,21.2,18.6,24.6
11/09/2017,489.3,24,21.2,18.6,24.6
12/09/2017,443.9,0,22.1,17.7,27.9
13/09/2017,475.8,0,21.4,15.9,27.5
14/09/2017,494.3,0,22.4,14.8,29.5
15/09/2017,509.6,0,22.6,17.8,27.9
15/09/2017,509.6,0,22.6,17.8,27.9
15/09/2017,509.6,0,22.6,17.8,27.9
15/09/2017,509.6,0,22.6,17.8,27.9
16/09/2017,459,0,22,16.7,27.6
17/09/2017,450.6,0,23.1,19,29.2
18/09/2017,470.8,0,21.9,16.4,27.6
19/09/2017,477.5,8,22.6,20.1,25.8
20/09/2017,502.7,0,19.5,14.1,24.9
21/09/2017,500.7,0,20.3,14.2,27
22/09/2017,497.7,0,20.6,15.4,26.8
23/09/2017,383.3,0,21.8,17.6,27.3
24/09/2017,413.6,0,22.4,18.8,27.9
25/09/2017,415.3,0,23.4,17.4,30.1
26/09/2017,459,0,25.1,19.4,31.4
27/09/2017,491,0.5,22.7,19.9,27.3
28/09/2017,519.4,0,19.2,14.2,25.3
28/09/2017,519.4,0,19.2,14.2,25.3
29/09/2017,520.4,0,17.4,11.2,23.5
30/09/2017,656.4,0,20,14.7,25.9
01/10/2017,329.5,4,18.2,15.5,21.2
02/10/2017,277.4,1.5,22,15.6,29.4
03/10/2017,247,0,17.6,13.4,23.6
04/10/2017,221.9,0,16.7,10.7,24.3
05/10/2017,181.6,0,18.7,13.9,23.4
06/10/2017,177.2,0.5,18.9,16.2,23.3
07/10/2017,185.5,0,21.9,16.9,28.8
08/10/2017,185,0,23,19.3,28.7
09/10/2017,199,0,22.5,19.8,27.6
10/10/2017,207.9,0.4,21.4,18.6,24.8
11/10/2017,226.3,20,15.5,12.2,21.7
12/10/2017,341.3,0,11.4,8.8,0
13/10/2017,177.7,0,12.8,6.1,18.9
14/10/2017,86.6,0,14.4,9,20.5
15/10/2017,81.6,0,15.8,9,23
16/10/2017,74.3,0,16.6,13.6,22
17/10/2017,69.8,0,16.2,9.2,23.9
18/10/2017,66.5,0.1,16.5,14.2,19.1
19/10/2017,66.5,0,17,11.9,23.2
20/10/2017,69.8,0,17,11.1,24.2
21/10/2017,75.4,0,17.6,11,25.2
22/10/2017,115.1,0,16.3,11,23.5
23/10/2017,124,0,13.7,8.6,20.6
24/10/2017,97.2,0,14.4,9.9,20.9
25/10/2017,96.7,0,14.4,9.5,20.6
26/10/2017,95.5,0,14.5,10.7,18.1
27/10/2017,92.7,0,16.9,11.9,24.2
28/10/2017,92.7,0,17.2,10.6,24.8
29/10/2017,92.2,0,11.5,6.3,17.2
30/10/2017,54.2,0,7.7,2.5,13.2
31/10/2017,23.4,0,10.4,3.6,16
01/11/2017,5.5,0,14.4,11.5,18.1
02/11/2017,5.5,1,15.5,14,18
03/11/2017,5.5,1.5,12.3,6.1,16.6
04/11/2017,5.5,0,7.8,4.5,13.7
05/11/2017,5.5,0,8.4,2.6,15.4
06/11/2017,5.5,0,11.4,8,16.5
07/11/2017,5.5,0,14.4,9.2,18.4
08/11/2017,5.5,0,13.1,6.9,17.2
09/11/2017,5.5,0,9.4,3.7,16.8
10/11/2017,5.5,7.5,9.8,5.3,15.9
11/11/2017,5.5,0,5.9,2.7,10.7
12/11/2017,5.5,0,5.3,0.3,11.4
13/11/2017,5.5,4.5,8.4,3.1,11.8
14/11/2017,5.5,0,7.5,2.9,11.4
15/11/2017,5.5,0,3.2,-1.1,6.5
16/11/2017,5.5,0,1,-3.4,6.4
17/11/2017,5.5,0,3,-1.6,5.8
18/11/2017,5.5,0,-2.1,-4.8,2.6
19/11/2017,5.5,0,-1.6,-6.6,3.5
20/11/2017,5.5,0,-0.4,-3.9,4.2
21/11/2017,5.5,0,1.3,-4.2,8.1
22/11/2017,5.5,0.5,4.3,0.6,10.8
23/11/2017,5.5,1.2,0.9,-2.5,4.7
24/11/2017,5.5,0,-0.4,-2.5,2.9
26/11/2017,5.5,0,3.3,-0.3,7.6
27/11/2017,5.5,0,2.5,-2.9,9.5
28/11/2017,5.5,0.5,6.4,1.3,11.2
29/11/2017,5.5,0,3.2,-1.8,8.1
30/11/2017,5.5,0,-2.4,-5.2,2.7
01/12/2017,5.5,0,-2.2,-7.6,3.1
02/12/2017,5.5,0,1.9,-4.6,8.1
03/12/2017,5.5,4,4.9,3.1,8.1
03/12/2017,5.5,4,4.9,3.1,8.1
03/12/2017,5.5,4,4.9,3.1,8.1
03/12/2017,5.5,4,4.9,3.1,8.1
04/12/2017,5.5,0.1,-1.2,-6.1,4.5
05/12/2017,5.5,0.1,-4.2,-8.2,-0.4
06/12/2017,5.5,1.2,0.2,-4.5,6
07/12/2017,5.5,0,0.7,-3.5,4.6
08/12/2017,5.5,0,-3.8,-7.1,-0.5
09/12/2017,5.5,0,-0.5,-5.6,5.4
10/12/2017,5.5,4.1,1.1,-2.5,6.7
11/12/2017,5.5,0,-7,-11,-2.5
11/12/2017,5.5,0,-7,-11,-2.5
12/12/2017,5.5,0,-9.4,-12.3,-5.2
13/12/2017,5.5,0,-8.7,-12,-4.4
14/12/2017,5.5,0,-6.6,-11.2,-1.9
15/12/2017,5.5,0,-3,-7.5,0.9
16/12/2017,5.5,0,-5.7,-8.1,-2.6
17/12/2017,5.5,0,-6.7,-10.8,-2.3
18/12/2017,5.5,3.4,-1.6,-5.9,3.3
19/12/2017,5.5,0,-3.9,-6.5,-1
20/12/2017,5.5,0.2,-3.9,-8.5,-0.1
20/12/2017,5.5,0.2,-3.9,-8.5,-0.1
21/12/2017,5.5,0,-0.9,-5.6,4.6
22/12/2017,5.5,0,3.4,-1.9,6.6
23/12/2017,5.5,0,6.1,5,8.7
24/12/2017,5.5,20,2.9,-0.6,5.7
25/12/2017,5.5,0,-2.1,-4.9,0.6
26/12/2017,5.5,0,-3.8,-7.9,-1.1
27/12/2017,5.5,0,-6.9,-10.3,-2.6
28/12/2017,5.5,0,-2.1,-6.8,0.8
29/12/2017,5.5,0,2.1,-0.4,6
30/12/2017,5.5,0.7,1.4,-1.2,4.5
31/12/2017,5.5,1,-0.3,-3.2,3.3
01/01/2018,5.5,0,-1.3,-5.1,3.8
02/01/2018,5.5,0,-1.8,-4.3,1.8
03/01/2018,5.5,0,-4.7,-7.1,-0.4
04/01/2018,5.5,0,-4.7,-8.7,-0.7
05/01/2018,5.5,0,-3,-5.6,1.6
06/01/2018,5.5,0,-2.8,-6.8,2.9
07/01/2018,5.5,0,-0.8,-5.7,2.8
08/01/2018,5.5,0.9,1.3,-1.2,4
09/01/2018,5.5,0.5,-4.2,-6.1,-1.2
10/01/2018,5.5,0.3,-7.5,-10.3,-4.8
11/01/2018,5.5,0,-11.1,-13.6,-7.4
12/01/2018,5.5,0,-10.2,-15.3,-5.4
13/01/2018,5.5,0.4,-4.4,-6.6,-1.2
14/01/2018,5.5,0,0.6,-4.4,5.4
15/01/2018,5.5,0.2,4.7,1.8,7.7
16/01/2018,5.5,0,3.5,0.1,6.8
17/01/2018,5.5,0,4.5,2.4,8.7
18/01/2018,5.5,0,2.1,0.3,4.5
19/01/2018,5.5,0,1,-2.5,5.5
20/01/2018,5.5,0,2.2,-1,6.9
21/01/2018,5.5,0,0.4,-3.7,5.5
22/01/2018,5.5,3.3,0.2,-5.3,4
23/01/2018,5.5,0,-11.7,-14.6,-5.3
24/01/2018,5.5,0,-14.2,-16.3,-10.7
25/01/2018,5.5,0,-14,-16.4,-9.5
26/01/2018,5.5,0,-14.8,-17.8,-10.7
27/01/2018,5.5,0,-9.9,-15.9,-3.5
28/01/2018,5.5,0,-6.3,-9.3,-1.2
28/01/2018,5.5,0,-6.3,-9.3,-1.2
29/01/2018,5.5,0,-8.5,-11.6,-4.7
30/01/2018,5.5,2.9,-5.3,-11.4,-0.8
31/01/2018,5.5,0,-2.6,-5.2,0
01/02/2018,5.5,0,-4,-8.8,1.2
02/02/2018,5.5,0,-2.4,-7.6,3.8
03/02/2018,5.5,0.5,-7.3,-10.4,-2.1
04/02/2018,5.5,0,-9.5,-12.8,-5.2
05/02/2018,5.5,0,-9.4,-11.8,-5.1
06/02/2018,5.5,0,-10.1,-12.8,-5.8
07/02/2018,5.5,0,-8,-13.4,-1.6
08/02/2018,5.5,0,-4.4,-9.7,2
09/02/2018,5.5,0,0.4,-5.3,6.1
09/02/2018,5.5,0,0.4,-5.3,6.1
09/02/2018,5.5,0,0.4,-5.3,6.1
09/02/2018,5.5,0,0.4,-5.3,6.1
10/02/2018,5.5,0,-0.5,-6.9,3.2
10/02/2018,5.5,0,-0.5,-6.9,3.2
11/02/2018,5.5,0,-6.1,-9.5,-2.2
12/02/2018,5.5,0,-5.8,-9.6,-1.8
13/02/2018,5.5,0,-0.8,-7.4,4.3
14/02/2018,5.5,0,3.5,-0.7,8.7
15/02/2018,5.5,0,-0.7,-3.7,4
16/02/2018,5.5,0,-1.1,-5.5,4.9
17/02/2018,5.5,0,-3,-7.1,1.4
18/02/2018,5.5,0,-0.4,-4.9,5.2
19/02/2018,5.5,0,1.8,-1.9,6.8
20/02/2018,5.5,0,0.9,-2.4,5.5
21/02/2018,5.5,0,-0.9,-4.5,4.4
22/02/2018,5.5,0.4,1.3,-3.9,5.4
23/02/2018,5.5,3.7,4.2,-0.3,8.6
23/02/2018,5.5,3.7,4.2,-0.3,8.6
23/02/2018,5.5,3.7,4.2,-0.3,8.6
23/02/2018,5.5,3.7,4.2,-0.3,8.6
24/02/2018,5.5,0,2.4,-1.1,7.2
25/02/2018,5.5,0,1.9,-1.6,7.9
26/02/2018,5.5,0,3.1,-3.2,10.4
27/02/2018,5.5,0,4.2,0.6,6.9
28/02/2018,5.5,25,4.6,1.8,7.8
01/03/2018,5.5,0.5,-0.2,-4.3,3
02/03/2018,5.5,0,-0.7,-6.7,5.4
03/03/2018,5.5,0,7.9,-0.1,16.2
04/03/2018,5.5,11.5,9.8,7.6,11.9
05/03/2018,5.5,3.5,5.5,1.3,11.4
06/03/2018,5.5,0,4.5,-1.1,10.9
07/03/2018,5.5,0.5,6.4,2.2,10.7
08/03/2018,5.5,4,4.6,2.7,9.7
09/03/2018,5.5,0,4.5,1.4,9.6
10/03/2018,5.5,0,4.6,0.7,9.7
11/03/2018,5.5,0,6.4,2.7,12.2
12/03/2018,5.5,0,8,2.2,15.5
13/03/2018,5.5,0,12.4,5.2,18.8
14/03/2018,5.5,0,17,13.6,22.1
15/03/2018,5.5,27,12.4,8.4,16.6
16/03/2018,5.5,0,7.1,3.6,12.2
17/03/2018,5.5,0,6.6,0.5,14
18/03/2018,5.5,0.5,8.2,5.4,12.5
19/03/2018,5.5,1,8,6.2,10.4
20/03/2018,5.5,0,4.7,1.6,9.1
21/03/2018,5.5,1,2.1,1.1,5.3
22/03/2018,5.5,0,4.9,0.6,11.6
23/03/2018,5.5,0,6.1,1.8,12.5
24/03/2018,5.5,0,7.6,4,13.1
25/03/2018,5.5,0,9.6,4.6,16.9
25/03/2018,5.5,0,9.6,4.6,16.9
25/03/2018,5.5,0,9.6,4.6,16.9
25/03/2018,5.5,0,9.6,4.6,16.9
26/03/2018,5.5,0,11,5.3,18.1
27/03/2018,5.5,0,13.3,7.7,20
28/03/2018,5.5,0,14,9.4,19
29/03/2018,5.5,0,15.4,11.8,21.1
30/03/2018,5.5,0,14.8,9.8,21.9
31/03/2018,5.5,0,14,9.3,20.1
01/04/2018,10,0,15.6,11.7,18.5
02/04/2018,17.8,0,18.4,14.9,23.7
03/04/2018,87.7,0.1,17.8,14.9,21.2
04/04/2018,109.5,18.5,13.4,9.5,18.2
05/04/2018,62,10.5,7.6,6.7,9.5
06/04/2018,10.6,6.5,5.8,3,8.6
07/04/2018,1.6,0.2,4.2,1.4,8.6
08/04/2018,1.6,3,3.9,0.6,7.9
09/04/2018,1.6,0,7.9,0.1,15.4
10/04/2018,0.5,5,15.1,6.9,21.9
11/04/2018,1.1,0,12.6,8.7,17.3
12/04/2018,1.1,0,13.3,6.8,19.6
13/04/2018,0.5,0,14.6,8.3,19.3
14/04/2018,0.5,9,9,7.5,14.8
15/04/2018,0.5,0,9.5,5.6,14.2
16/04/2018,0.5,0,11.6,4.9,18.8
17/04/2018,20.6,0,12.9,6.8,20.1
18/04/2018,20.1,0,12.4,6.2,19.3
19/04/2018,18.4,0,14,7.4,20.5
20/04/2018,17.8,0,18.4,11,26.3
21/04/2018,19.5,0,18.7,12.3,25.6
22/04/2018,20.1,15.5,15.5,10.7,21
23/04/2018,16.7,59,9.3,8.4,10.7
24/04/2018,19,3,12.1,8.9,16.1
25/04/2018,24,0,14.6,5.7,23.3
26/04/2018,45.2,0,14.9,10,22.1
27/04/2018,41.9,0,15.7,9.7,23.3
28/04/2018,32.9,0,15.4,10.5,21.7
29/04/2018,25.7,0,16.2,9.4,22.9
30/04/2018,25.1,0,19.2,14.1,25
01/05/2018,24,0,20.4,17.8,23.3
02/05/2018,50.3,12,15.1,8.7,19.7
03/05/2018,73.7,1,11.2,6.9,14.7
04/05/2018,13.4,0,14.1,8.8,20
05/05/2018,19.5,0,18.3,11.6,24.6
06/05/2018,32.4,22,16.6,15,20.7
07/05/2018,30.7,0,19.2,14,25.5
08/05/2018,24,0,17.5,11.6,22.9
09/05/2018,17.3,0,15.7,9.2,21.8
10/05/2018,15,0,15.4,11.3,21.4
11/05/2018,77.1,0,16.1,11.9,21.3
12/05/2018,135.8,32,14.2,11.8,16.1
13/05/2018,93.3,0.5,15.8,12.7,20
14/05/2018,84.9,0,18.2,11.9,24.5
15/05/2018,71.5,0,23.2,15.4,29.3
16/05/2018,81.6,45,22.3,21.8,24.4
17/05/2018,164.3,83,20.9,18.8,23.5
18/05/2018,125.2,6.5,16.3,12.2,19.3
19/05/2018,130.8,0,17.6,10.3,24.7
20/05/2018,98.3,0,17,11.5,22.6
21/05/2018,183.3,0,17.8,11.3,23.7
22/05/2018,220.8,12.5,18.1,15.4,23.2
23/05/2018,230.3,6.5,17.3,13.6,23.3
24/05/2018,167.1,0,18.3,11.2,23.7
25/05/2018,101.7,0,19.7,13.8,26.2
26/05/2018,160.9,0,21.8,14,29.6
27/05/2018,502.7,0,20.3,17.3,24.7
28/05/2018,430.4,0,22.3,16.2,29.1
29/05/2018,297.6,1,21.4,19.1,25.9
30/05/2018,455.7,0,20.2,15.8,24.7
31/05/2018,274,0,20.9,14.2,27.6
01/06/2018,413.6,0,23.8,17.5,30.2
02/06/2018,459,0,23.4,17.6,30.1
03/06/2018,525.4,0,24,16.9,30.8
04/06/2018,464.1,0,22.6,18.9,27.5
05/06/2018,508.6,0,23.7,,29.2
06/06/2018,564.8,0,23,18.4,27.9
07/06/2018,644.5,0,,17.8,29.4
08/06/2018,613,0,21.9,18.5,27
08/06/2018,613,0,21.9,18.5,27
08/06/2018,613,0,21.9,18.5,27
08/06/2018,613,0,21.9,18.5,27
09/06/2018,576.6,0.5,23.7,18.9,30.1
10/06/2018,566.7,0.5,21.3,18.3,24.9
11/06/2018,563.8,5,20.2,18,23.9
12/06/2018,445.6,0,21.3,16.6,27.1
12/06/2018,445.6,0,21.3,16.6,27.1
12/06/2018,445.6,0,21.3,16.6,27.1
12/06/2018,445.6,0,21.3,16.6,27.1
13/06/2018,465.8,0,22,18.3,27
14/06/2018,492.7,29,21.6,18.8,25.1
15/06/2018,415.3,16.5,21.7,17.2,27
16/06/2018,380,0,22.5,16.3,28.7
17/06/2018,346.3,0,22.8,18.9,27.5
18/06/2018,395.1,0,24.8,19.9,30.8
19/06/2018,507.6,0,22.4,19.1,27.2
20/06/2018,470.8,0,22.7,19.1,28.4
21/06/2018,460.7,0,23.7,19.4,28.7
22/06/2018,610.1,0,25,18.2,32
23/06/2018,654.4,0,24.5,20.9,28.9
24/06/2018,793.8,0,25.2,20.1,32.1
25/06/2018,969.2,0,27.1,21.3,32.9
26/06/2018,1000,71.5,22.3,20.2,26.9
27/06/2018,974.7,1,22.3,19.1,25.5
28/06/2018,766.3,26.5,23.3,20.6,27.3
29/06/2018,817,6.5,24.7,21.9,29.1
30/06/2018,869.9,14.5,24.4,21.6,27.9
01/07/2018,602.2,83.5,21.9,21,22.8
02/07/2018,615,59.5,22.6,20.6,25.3
03/07/2018,637.6,0.1,27.4,22.5,32.6
04/07/2018,614,0,27.3,24,31.8
05/07/2018,602.2,0.5,25.3,23.4,29
06/07/2018,741.1,0,23.9,21.5,27.1
07/07/2018,739.1,0,23.7,19.5,29.2
08/07/2018,720.4,0,23.3,17.7,28.1
09/07/2018,524.4,14,20.8,20.1,24.2
10/07/2018,524.4,16.5,23.7,20.4,26.5
11/07/2018,533.2,3,26.8,24.4,29.5
12/07/2018,539.1,1,26.6,25.1,28.2
13/07/2018,540.1,0,27.3,24.7,30.9
14/07/2018,539.1,0,27.9,24.6,31.9
15/07/2018,536.2,0,28.3,24.5,33.2
16/07/2018,669.2,0,28.7,24,34
17/07/2018,739.1,0,28.1,23.9,32.1
18/07/2018,1000,0,28.2,23.7,33.2
19/07/2018,1000,0,28.7,23.2,34.1
20/07/2018,1000,0,29.5,24.6,34.7
21/07/2018,1000,0,30.6,24.9,36.9
22/07/2018,1000,0,31.8,25.3,38
23/07/2018,1000,0,31.7,29.2,35.7
24/07/2018,1000,0,31.4,27.2,36.8
25/07/2018,1000,0,30.1,27.7,34.1
26/07/2018,1000,0,30.1,27.3,33.7
27/07/2018,1000,0,30.9,27.2,35.4
28/07/2018,1000,7.5,29.5,28,35.2
29/07/2018,1000,0,31.3,26.4,36.7
30/07/2018,1000,0,31.7,26.2,36.9
31/07/2018,1000,0,32.6,27.8,38.3
01/08/2018,81,0,33.6,27.8,39.6
02/08/2018,63.7,0,33.7,30.3,37.9
03/08/2018,50.8,0,33.1,30,37.9
04/08/2018,49.1,0,31.1,28,34.9
05/08/2018,50.3,2,30,27.2,33.9
06/08/2018,53.1,6.5,30.5,28.3,35.3
07/08/2018,44.7,0,30.5,26.8,35.9
08/08/2018,53.1,0,31,27.6,35.3
09/08/2018,69.3,2,28.8,27.1,32.5
10/08/2018,87.7,0,30.7,25.7,36.8
11/08/2018,111.8,0,31,26.4,36
12/08/2018,102.2,5,30.6,27.2,35.3
13/08/2018,96.7,1,30.5,26.7,34.4
14/08/2018,102.8,0,31.7,27.7,37.2
15/08/2018,97.2,1,31.7,28.3,38
16/08/2018,91.6,0,29.9,24.1,35.6
17/08/2018,82.1,0,27.2,21.7,33.8
18/08/2018,89.9,0,26.7,21.5,32.1
19/08/2018,98.3,0,28.2,23,34.4
20/08/2018,105.6,0,29.1,25.1,33.3
21/08/2018,116.2,5,26.6,23.4,31
22/08/2018,161.5,0,30.7,23.4,37.6
23/08/2018,195.6,3,29.4,25.7,32.2
24/08/2018,197.3,7.5,24.4,23.2,26.3
25/08/2018,257.2,0,25.2,22.7,29.3
26/08/2018,349.7,2,23.2,20.3,29
27/08/2018,237,19.5,22.7,20.2,24.9
28/08/2018,351.4,96.5,23.7,22.5,26.1
29/08/2018,396.8,42,25.2,22.7,27.4
30/08/2018,479.2,9.5,25.3,23.9,28.2
31/08/2018,513.5,0.1,25.6,22.8,30.3
01/09/2018,508.6,0,25.5,20.8,30.9
02/09/2018,527.3,0,25.1,20.1,29.6
03/09/2018,599.2,34.5,23.3,21.4,25.8
04/09/2018,645.5,0,23.2,20,27.8
05/09/2018,664.2,0,24,19.6,28.5
06/09/2018,617,1,24.1,20.9,28.2
07/09/2018,631.7,0.5,22,19.1,25.5
08/09/2018,580.5,0,21.7,15.9,27.7
09/09/2018,546,0,22.2,15.6,28.9
10/09/2018,544.1,0,22.9,18.6,28.4
11/09/2018,530.3,0,21.6,16.8,26.1
12/09/2018,516.5,0,22.8,16.8,28.2
13/09/2018,514.5,0,23.5,20.3,28.3
14/09/2018,489.3,0.5,23.5,20.3,26.8
15/09/2018,522.4,0.2,23.3,21,26
16/09/2018,543.1,2,22.2,21,23.9
17/09/2018,517.5,0.1,22.3,18.5,27.7
18/09/2018,508.6,0,22,17.7,26.5
19/09/2018,520.4,0.2,22.1,18.9,26.6
20/09/2018,515.5,5,19,17.8,20.1
21/09/2018,447.3,18,19.4,17.6,21.9
22/09/2018,405.2,6.5,20.8,17.2,25.5
23/09/2018,363.2,0,19.4,15.6,25.3
24/09/2018,391.7,0,17.6,14.2,22.1
25/09/2018,422,0,17.8,10.8,24.3
26/09/2018,568.7,0,19.4,16.2,24.8
27/09/2018,518.5,0,18.9,13.2,25
28/09/2018,518.5,0,17.5,14.3,22.2
29/09/2018,539.1,0,20.2,14.6,27
30/09/2018,526.3,0,17.6,14,21.6
01/10/2018,197.3,0,15.4,13,19.7
02/10/2018,191.1,0,15.9,10.3,22
03/10/2018,172.1,0,17.3,11.2,24.2
04/10/2018,167.7,0,19.3,13,25.6
05/10/2018,167.1,36.5,16.9,15.7,19
06/10/2018,163.2,55.5,18,16.3,21.7
07/10/2018,157.6,0,16.4,12.3,21.1
08/10/2018,155.4,0,14.8,9.2,20.9
15/10/2018,38,0,15.2,10.9,21
16/10/2018,38,0,14.5,9.9,20.3
19/10/2018,39.1,0,13.1,7.2,20.4
21/10/2018,60.9,0,13.4,7.2,21.1
22/10/2018,63.7,0,14,8.8,20.6
26/10/2018,62.6,11,12.2,9.9,14.7
29/10/2018,34.6,0,7.2,3.4,11.7
08/11/2018,5.5,64,11.8,10.5,14.7
17/11/2018,5.5,0,4.9,0.6,11.4
18/11/2018,5.5,0,6.1,1.9,10.7
19/11/2018,5.5,0,6.5,3.3,11.3
20/11/2018,5.5,0.2,6.5,0,12.7
21/11/2018,5.5,1,5.8,3.1,8.2
22/11/2018,5.5,0,2.3,-1.3,7.1
23/11/2018,5.5,0,1.9,-3.1,7.6
24/11/2018,5.5,10.9,2.6,0.3,3.8
25/11/2018,5.5,0,4.8,1.3,9.8
26/11/2018,5.5,0,6.3,1.6,13.6
27/11/2018,5.5,0,7.1,3.1,12.5
28/11/2018,5.5,0,5,2.1,11.1
29/11/2018,5.5,0,3.5,0.6,6.7
30/11/2018,5.5,0,2.7,-1.5,8
01/12/2018,5.5,0,5.5,0.8,12.4
02/12/2018,5.5,0,8.2,2.8,11.8
03/12/2018,5.5,9.5,11.5,9.3,13.5
04/12/2018,5.5,5,6.7,-0.3,11.8
05/12/2018,5.5,0,0,-4.3,3.4
06/12/2018,5.5,0,2.4,-1,6.8
07/12/2018,5.5,0,-7.3,-9.6,-1.1
08/12/2018,5.5,0,-8.3,-11.4,-4.4
09/12/2018,5.5,0,-7.2,-11.8,-2.1
10/12/2018,5.5,0,-2.5,-8.1,4.6
11/12/2018,5.5,0,0.2,-2.4,2.9
12/12/2018,5.5,0,-1.9,-5,2.4
13/12/2018,5.5,1.3,-2.2,-5.9,2.1
14/12/2018,5.5,0,-4.4,-7.8,0.6
15/12/2018,5.5,0,-2.4,-7.8,3.2
16/12/2018,5.5,0.3,0,-2.6,2.1
17/12/2018,5.5,0.3,1.6,-1.5,5.9
18/12/2018,5.5,0,2.6,-2.8,7.4
19/12/2018,5.5,0,4,1.3,9.5
20/12/2018,5.5,0,3.4,-1.1,10.4
21/12/2018,5.5,0,5.6,0.4,9.8
22/12/2018,5.5,0,6.9,2.9,12.4
23/12/2018,5.5,0,2.4,-3.4,7.5
24/12/2018,5.5,0,-2.3,-5.9,3.1
25/12/2018,5.5,0,0.6,-4,5.2
26/12/2018,5.5,0,-1.5,-7.1,3
27/12/2018,5.5,0,-10.1,-12.5,-6.5
28/12/2018,5.5,0,-10.5,-14.4,-6.6
29/12/2018,5.5,0,-7.6,-10.5,-3
30/12/2018,5.5,0,-6.8,-11.3,-0.9
31/12/2018,5.5,0,-5.4,-10.5,-0.5
01/01/2019,5.5,0,-5,-8.2,-0.6
02/01/2019,5.5,0,-4.9,-8.8,0.2
03/01/2019,5.5,0,-3.5,-8.4,3.2
04/01/2019,5.5,0,-1.1,-6.2,4.1
05/01/2019,5.5,0,-2.8,-5.5,1.1
06/01/2019,5.5,0,-2.8,-6.3,2.7
07/01/2019,5.5,0,-1.9,-6.2,3.1
08/01/2019,5.5,0,-3.5,-7.2,0.5
09/01/2019,5.5,0,-4.7,-9.4,1.3
10/01/2019,5.5,,-0.6,-4.5,3
11/01/2019,5.5,0,2.4,-0.4,7.2
12/01/2019,5.5,0,2.8,-0.6,8
13/01/2019,5.5,0,1.2,-3,7.6
14/01/2019,5.5,0,1.4,-2.4,5.3
15/01/2019,5.5,0,-1.7,-7.2,2.6
16/01/2019,5.5,0,-5.2,-10.1,-1.1
17/01/2019,5.5,0,-0.3,-3.2,4
18/01/2019,5.5,0,0.6,-4.6,6.7
19/01/2019,5.5,0,3.6,0,8.5
20/01/2019,5.5,0,-1.4,-5.5,4
21/01/2019,5.5,0,-1.2,-6.7,4.2
22/01/2019,5.5,0,1.7,-3.3,7.1
23/01/2019,5.5,0,2,-0.8,7
24/01/2019,5.5,0,0.1,-4.6,6.5
25/01/2019,5.5,0,-1.2,-3.8,2.6
26/01/2019,5.5,0,-2.5,-6.5,2.4
27/01/2019,5.5,0,-0.1,-6.6,5.1
28/01/2019,5.5,0,1.2,-2.4,4.5
29/01/2019,5.5,0,-0.2,-5.6,7
30/01/2019,5.5,0,1.8,-2.8,6.6
31/01/2019,5.5,0,-2,-6.2,2.3
01/02/2019,5.5,0.3,-2.1,-7.4,2.8
02/02/2019,5.5,0,1.4,-3.2,6.1
03/02/2019,5.5,16,3.3,2,4.9
04/02/2019,5.5,0,-0.6,-3.3,3
05/02/2019,5.5,0,2.8,-3.6,10.1
06/02/2019,5.5,0,5.1,0.1,9.3
07/02/2019,5.5,0.5,-2.1,-8.2,6.3
08/02/2019,5.5,0,-6.1,-10.2,-1.3
09/02/2019,5.5,0,-5.4,-8.6,-1.9
10/02/2019,5.5,0,-5,-9.1,-1.9
11/02/2019,5.5,0,-3,-7.5,2
12/02/2019,5.5,0,-0.6,-4.1,3.7
13/02/2019,5.5,0,-2.1,-5.7,2.5
14/02/2019,5.5,0,-0.5,-5.9,6.3
15/02/2019,5.5,2.2,-0.8,-2.9,0.9
16/02/2019,5.5,0.2,-2.7,-5.1,1.5
17/02/2019,5.5,0,-1.8,-6.8,4.6
18/02/2019,5.5,0,0.9,-4.7,5.9
19/02/2019,5.5,4.6,1.4,0.2,3
20/02/2019,5.5,0,1.7,-0.1,4.5
21/02/2019,5.5,0,2.4,-2.6,9
22/02/2019,5.5,0,4,-1.6,10.8
23/02/2019,5.5,0,6.8,0.5,14.5
24/02/2019,5.5,0,6.3,1.2,13.7
25/02/2019,5.5,0,4.7,1.3,10.2
26/02/2019,5.5,0,5.2,-1.5,12
27/02/2019,5.5,0,7.8,4.7,14
28/02/2019,5.5,0,6.6,2,12.8
01/03/2019,5.5,0,6.6,1.2,13
02/03/2019,5.5,0,7.8,1.3,14.7
03/03/2019,5.5,0,9.4,2.5,16.1
04/03/2019,5.5,0,9.9,5,16.3
05/03/2019,5.5,0,8.4,5.6,12.9
06/03/2019,5.5,0,8.4,5.7,12.4
07/03/2019,5.5,0,7,3.1,12.7
08/03/2019,5.5,0,6.1,0.6,13.4
09/03/2019,5.5,0,7.2,-0.4,14.9
10/03/2019,5.5,0,10.1,6.7,15.3
11/03/2019,5.5,0,6.6,3.5,10
12/03/2019,5.5,0,3.9,-0.3,7.9
13/03/2019,5.5,0,3.5,-0.4,8.5
14/03/2019,5.5,0,5,-1.7,10
15/03/2019,5.5,3.5,5.5,1.6,11.3
16/03/2019,5.5,0,4.3,0.2,9.2
17/03/2019,5.5,0,6.3,2.6,12.4
18/03/2019,5.5,0,7.1,1.4,14.4
19/03/2019,5.5,0,10,3.4,16.7
20/03/2019,5.5,16.5,10.3,7.1,14.6
21/03/2019,5.5,3.3,7.1,1.9,11.1
22/03/2019,5.5,0,3.3,-0.7,8.3
23/03/2019,5.5,1.7,3.3,-0.4,8.2
24/03/2019,5.5,0,4.3,-0.8,9.7
25/03/2019,5.5,0,7.3,2.9,11.5
26/03/2019,5.5,0,11.4,7.4,17.6
27/03/2019,5.5,0,11.6,8.9,16.2
28/03/2019,5.5,0,9.4,5.6,14.6
29/03/2019,5.5,0,9.2,5.5,15.1
30/03/2019,5.5,1.8,5.2,3.5,8.4
31/03/2019,5.5,0,4.4,2.6,8.4
01/04/2019,6.7,0,5.5,0.3,11.3
02/04/2019,1.6,0,6.7,1.3,13
03/04/2019,2.2,0,7.6,1.9,13.6
04/04/2019,2.7,0,9.2,3,15.7
05/04/2019,2.7,0,11.4,7,17.2
06/04/2019,2.2,0.8,9.3,5.9,12.2
07/04/2019,1.6,0,12.6,5.6,20.3
08/04/2019,1.1,0,11.6,7.6,17.2
09/04/2019,2.7,17.4,9.2,4.7,13.9
10/04/2019,3.3,5.6,7.1,4.7,10.2
11/04/2019,8.3,0,9.5,4.3,15.7
12/04/2019,14.5,0,11.4,5.5,18.4
13/04/2019,15.6,0,11.8,6.2,17.9
14/04/2019,13.9,1.7,9.6,6.9,13.6
15/04/2019,13.4,0,11.6,3.9,18.1
16/04/2019,12.8,0,14.9,6.8,22.6
17/04/2019,12.8,0,15.3,9.1,21.8
18/04/2019,12.8,0,12.6,10.4,16.2
19/04/2019,10.6,0,13.8,9.6,19.7
20/04/2019,9.5,1.2,14.3,9.7,19.1
21/04/2019,10,0.3,14.8,12.2,20.2
22/04/2019,11.7,0,19.3,10.7,28.2
23/04/2019,0,0,20.4,15.3,25.5
24/04/2019,0,4.1,19.5,15.8,25.9
25/04/2019,0,11.3,13.2,9.4,17.2
26/04/2019,0,4.9,8.4,6.2,9.9
27/04/2019,0,0,11.6,4.1,18.2
28/04/2019,0,0,12.9,9.9,16.6
29/04/2019,0,0,13,8.3,17.3
30/04/2019,16.2,0,15.5,9,22.5
01/05/2019,2.2,0,16.4,11.2,22.2
02/05/2019,1.1,0,17.1,10.6,25.3
03/05/2019,1.6,0,17.9,10.1,26.1
04/05/2019,6.7,0,19.5,12,27.4
05/05/2019,72.1,0,19.2,13.6,26.5
06/05/2019,107.8,0,14.5,9.8,19.8
07/05/2019,116.2,0,15,8.4,21.9
08/05/2019,107.3,0,15.6,10.1,21.3
09/05/2019,158.1,0,16.6,11.7,22.9
10/05/2019,141.9,0,17.8,10.3,26.8
11/05/2019,126.8,0,20.3,13.2,28.3
12/05/2019,123.5,0,21.6,14.7,28.9
13/05/2019,118.5,0,18.7,15.5,22.8
14/05/2019,128.5,0,19.6,12.9,26.9
15/05/2019,192.8,0,20.7,14.8,28
16/05/2019,400.2,0,23.5,16.7,30
17/05/2019,349.7,0,23.6,17.6,28.3
18/05/2019,487.6,0,22.8,19.1,25.9
19/05/2019,265.6,22,19.4,17.9,21.6
20/05/2019,255.5,8.7,16.4,13,20.2
21/05/2019,294.2,0,17.2,11.7,23.8
22/05/2019,227.5,0,19.5,12.3,26.5
23/05/2019,643.6,0,22.1,15,29.2
24/05/2019,646.5,0,24.2,16.2,33.4
25/05/2019,528.3,0,23.4,18.4,28.6
26/05/2019,279.1,0,24.5,18.6,31.1
27/05/2019,210.1,7.1,17.8,14.3,22.3
28/05/2019,216.8,0,18.1,11.9,24.6
29/05/2019,221.3,0,20.3,13.3,26.5
30/05/2019,364.8,0,19.6,14.6,24.5
31/05/2019,672.1,0,19.1,16.1,23.3
01/06/2019,571.6,0,18.9,14.8,23.7
02/06/2019,595.3,0,21.1,14.1,27.8
03/06/2019,637.6,0,23.1,16,29.5
04/06/2019,585.4,0,22.6,17.6,29
05/06/2019,513.5,0,23,17.8,29.6
06/06/2019,435.5,7.5,21.2,18.6,25.1
07/06/2019,400.2,35.3,20,17,24.7
08/06/2019,366.5,0,21.9,16,27.6
09/06/2019,438.8,2.5,21.6,17.1,26.5
10/06/2019,472.5,9.5,18.4,15.7,21.9
11/06/2019,406.9,0,20.5,15.5,26.1
12/06/2019,341.3,0,21.5,16.1,26.4
13/06/2019,464.1,0,23,16.6,28.8
14/06/2019,448.9,0,23,19.1,28.4
15/06/2019,401.8,2.1,21.9,17.9,27.4
16/06/2019,373.2,0,22,16.1,27.2
17/06/2019,596.3,0,21.7,18.1,26.2
18/06/2019,418.7,13.8,20.8,17,24.8
19/06/2019,457.3,0.2,21.4,18.9,25.4
27/06/2019,850.1,1.4,25.5,21.9,31.2
28/06/2019,993.5,0,24.7,22.3,29
29/06/2019,1000,1.5,23.1,19.6,27.7
30/06/2019,1000,0,23.9,20.9,28.5
01/07/2019,713.5,0,23.9,20.6,28.9
02/07/2019,707.6,0,24.4,20.8,30.1
03/07/2019,716.4,0,24.1,21.2,27.4
04/07/2019,713.5,0,25.4,20,32.8
05/07/2019,713.5,0,27.6,20.2,35
06/07/2019,716.4,0,29.7,24.6,36.1
07/07/2019,778.4,0,26.7,22.7,32.5
08/07/2019,808.2,0,25.1,21.2,31
09/07/2019,808.2,0,25,19.7,30
10/07/2019,779.5,8.5,22.7,19.3,27.3
11/07/2019,731.2,2.9,21.9,19.5,25.9
12/07/2019,713.5,0,23.6,20,28.7
13/07/2019,726.3,0,24.9,22.1,29.7
14/07/2019,691.8,0,25.9,21.2,31.6
15/07/2019,701.7,7.7,23.8,22.1,27.4
16/07/2019,704.6,6.3,24.7,21.4,28.8
17/07/2019,705.6,0.7,25.6,22.3,29.2
18/07/2019,716.4,0,26.9,23.3,32.1
19/07/2019,765.2,0,28.6,22.8,35
20/07/2019,872.2,1.1,28,25.1,31.9
21/07/2019,906.3,6.2,25.1,24.2,27
22/07/2019,903,0.1,26.7,24.2,31
23/07/2019,943.8,0,28.1,24.4,32.9
24/07/2019,1000,1,26.5,25.2,27.2
25/07/2019,1000,9.7,26.3,25.6,27.4
26/07/2019,1000,60,25.1,23.7,25.9
27/07/2019,964.8,0.6,28.4,24.9,33.4
28/07/2019,976.9,25.6,26.1,25,28.2
29/07/2019,990.2,0.5,27.5,25.6,30
30/07/2019,1000,1.2,28.1,26.3,30.8
31/07/2019,994.6,62.3,25.8,24,27.5
01/08/2019,568.7,26.9,26.3,23.5,30.1
02/08/2019,592.3,0,28.4,24.7,33.1
03/08/2019,433.8,3,29.4,25.6,36
04/08/2019,0,8.6,28.3,25,34.4
05/08/2019,0,0,30.5,25.6,35.9
06/08/2019,0,0,31.6,27.9,36.8
07/08/2019,0,8,26.9,23.9,30.3
08/08/2019,0,0,28.9,25.9,32.7
09/08/2019,0,0,29.8,26,34.6
10/08/2019,0,0,31.5,26.6,36.5
11/08/2019,138.6,6.7,30.4,26.3,35.7
12/08/2019,131.3,56.2,26.6,24.8,28.5
13/08/2019,179.4,6.4,29.2,25.1,35.3
14/08/2019,179.4,0,30.4,25.9,35.7
15/08/2019,155.4,16.2,25.9,23.9,28.6
16/08/2019,201.2,0.1,25.9,23,29.5
17/08/2019,231.9,0,25.9,23.4,28.8
18/08/2019,253.8,0,25.6,22.6,30.7
19/08/2019,344.6,0,26.3,21.2,31.3
20/08/2019,252.1,0,28.2,23.2,32.8
21/08/2019,300.9,1.3,27,24.4,30.4
22/08/2019,381.7,0,26.9,23,31.4
23/08/2019,378.3,0,26.2,22.7,30.5
24/08/2019,380,0,24.1,21.5,27.3
25/08/2019,422,0,25,20.2,29.9
26/08/2019,331.2,0,26.4,21.5,32.1
27/08/2019,316.1,20,25.7,22.2,29.3
28/08/2019,363.2,0,26.1,23.6,30.2
29/08/2019,400.2,36.9,23.4,20.1,26.4
30/08/2019,465.8,0.2,22.6,19.5,27
31/08/2019,440.5,0,23.5,18.5,28.9
01/09/2019,623.9,0,23.7,19.2,27.8
02/09/2019,623.9,0,24.4,19.4,29.7
03/09/2019,598.2,0,24.1,22,28
04/09/2019,588.4,22.7,22.8,21.2,25.5
05/09/2019,555.9,36.4,23,21.5,27.6
06/09/2019,557.9,2.4,25.3,21.6,29.1
07/09/2019,574.6,2.8,25.7,22.6,29.5
08/09/2019,588.4,0,24.7,22.9,27.3
09/09/2019,519.4,0,25.1,22.4,28
10/09/2019,585.4,63.2,23.8,22.1,26.5
11/09/2019,615,7.6,24.3,20.4,28.7
12/09/2019,605.1,3.9,21,18.7,22.9
13/09/2019,529.3,0.1,23.3,18.3,29.3
14/09/2019,553.9,0.3,22.4,20.8,24.1
15/09/2019,545.1,0,24.2,19.5,30
16/09/2019,549,0,24.5,20.7,30.5
17/09/2019,551,0,23.5,18,29
18/09/2019,522.4,0,21,16,25.4
19/09/2019,539.1,0,19.5,13.6,26
20/09/2019,592.3,0,19.6,15.8,24.2
21/09/2019,535.2,0,19.6,18.3,22.1
22/09/2019,489.3,0.4,18.6,17.3,19.6
23/09/2019,438.8,0,20,16.9,24.6
24/09/2019,408.6,0,19.8,13.9,26.5
25/09/2019,361.5,0,20.9,14.8,27.4
26/09/2019,374.9,0,22.9,17.7,29
27/09/2019,406.9,0,22.9,19.6,27
28/09/2019,472.5,0,23.7,19.4,29.2
29/09/2019,525.4,0,22.6,17.9,28.6
30/09/2019,559.8,0,22.4,16.4,29.9
01/10/2019,748,0,23.1,17.6,28.2
02/10/2019,798.3,23.1,21.6,20,24.2
03/10/2019,874.4,4.6,22.4,19.8,27.3
04/10/2019,929.5,0,22.4,18,27.8
05/10/2019,930.6,0.6,18.7,14.7,21.9
06/10/2019,738.1,0,18.1,13.2,22.7
07/10/2019,581.5,25.4,14.8,13.3,17.9
08/10/2019,417,0,14.7,10.6,19.8
09/10/2019,191.7,0,13.6,7.7,20.4
10/10/2019,100,0,15.2,10.7,19.8
11/10/2019,91.1,0,18.8,13,26.1
12/10/2019,88.3,0,17.9,13.3,23.3
13/10/2019,87.2,0,17.2,12.1,23.8
14/10/2019,84.9,0,14.4,9.5,19.6
15/10/2019,84.9,0,14.5,8.8,20.4
16/10/2019,84.4,0,14.6,9,20.8
17/10/2019,111.2,0,15.4,11.2,21.6
18/10/2019,112.9,0,17,12,22.7
19/10/2019,110.1,0,17,12.1,23.1
20/10/2019,108.4,0,16.5,12,22.9
21/10/2019,106.7,0,17.1,10.9,24.6
22/10/2019,110.1,0,18.1,13.3,24.4
23/10/2019,120.7,0,17,14.3,20.7
24/10/2019,173.2,0,18.3,15.3,23.8
25/10/2019,178.8,0,16.7,13.1,22
26/10/2019,179.9,0,10,6.6,14.9
27/10/2019,72.1,0,11,4.7,17.4
28/10/2019,39.1,1.7,12.9,7.4,17.7
29/10/2019,38.5,0.1,12.5,8.2,17.6
30/10/2019,36.3,0,11.2,5,17.7
31/10/2019,34,0,14.8,8.4,19.7
01/11/2019,5.5,0,14.9,11.4,20.5
02/11/2019,5.5,0,13.6,8.3,18.7
03/11/2019,5.5,0,14.7,9.4,22.1
04/11/2019,5.5,0,13.8,9.2,20.3
05/11/2019,5.5,0,12.4,8.4,18.4
06/11/2019,5.5,0,11,6.3,16.5
07/11/2019,5.5,0,9.2,5,13.6
08/11/2019,5.5,0,6.8,1.1,13
09/11/2019,5.5,0,9.5,3.5,17.2
10/11/2019,5.5,11.8,10,6.2,15.3
11/11/2019,5.5,1.1,11.2,7.9,15.1
12/11/2019,5.5,0,9.3,4.8,14.5
13/11/2019,5.5,7.5,7.2,3,11.3
14/11/2019,5.5,0,1.3,-2.5,5
15/11/2019,5.5,18.8,5.6,1.4,7.6
16/11/2019,5.5,0,6.8,3.8,12.7
17/11/2019,5.5,21.1,8.3,5.6,10.5
18/11/2019,5.5,14.7,4.6,0.4,12.7
19/11/2019,5.5,0,0.2,-3.5,4
20/11/2019,5.5,0,0.5,-4.6,6.3
21/11/2019,5.5,0,4.2,-2.3,9
22/11/2019,5.5,0,9.7,3,17.3
23/11/2019,5.5,0,12.1,7.7,17.7
24/11/2019,5.5,3.8,9.8,4.6,15.6
25/11/2019,5.5,0,1.9,-1.2,6
26/11/2019,5.5,0,6.6,1.2,13.7
27/11/2019,5.5,0,3.1,0.3,6.8
28/11/2019,5.5,0,3.5,-0.6,10.4
29/11/2019,5.5,0,1.5,-3.4,6.9
30/11/2019,5.5,0,4.1,-1.4,9.3
01/12/2019,5.5,3.3,4.6,2.3,6.2
02/12/2019,5.5,0,-0.1,-3.2,2.8
03/12/2019,5.5,0.6,0.5,-5,4.2
04/12/2019,5.5,0,2,-2,7.2
05/12/2019,5.5,0,-4.4,-8.5,-0.2
06/12/2019,5.5,0,-5.9,-10.6,-1
07/12/2019,5.5,0.1,-2.4,-5.5,1.2
08/12/2019,5.5,0,-0.9,-5.5,4.9
09/12/2019,5.5,0,3.2,-1.3,8
10/12/2019,5.5,1.7,8.1,6,10.8
11/12/2019,5.5,0.2,6.3,0.1,9.8
12/12/2019,5.5,0,-0.7,-3.5,3.4
13/12/2019,5.5,1,2.1,-3.7,5.9
14/12/2019,5.5,0,2.7,-0.1,6.4
15/12/2019,5.5,0,5.3,0.4,11
16/12/2019,5.5,0,7.8,2.1,12.9
17/12/2019,5.5,9.8,7.7,3.2,10.2
18/12/2019,5.5,0,0.8,-1.7,5.2
19/12/2019,5.5,0,-0.8,-4.5,3.1
20/12/2019,5.5,0,-1.1,-3.5,2
21/12/2019,5.5,0.6,-1.2,-5.1,1.5
22/12/2019,5.5,0.3,4.1,0.3,8.4
23/12/2019,5.5,2.9,3.4,0.3,5.2
24/12/2019,5.5,0,0.8,-2.9,6.5
25/12/2019,5.5,0,2,-2.7,6.6
25/12/2019,5.5,0,2,-2.7,6.6
25/12/2019,5.5,0,2,-2.7,6.6
25/12/2019,5.5,0,2,-2.7,6.6
26/12/2019,5.5,0.3,2,-2.4,4.1
27/12/2019,5.5,0,-1.7,-4.6,2.6
28/12/2019,5.5,0,1.1,-3.6,6.1
29/12/2019,5.5,1.4,3.8,1.1,6.2
30/12/2019,5.5,0.4,2.7,-5.7,6.8
31/12/2019,5.5,0,-7.9,-10.9,-4.5